tx_id,block_id,total_input,total_output,fees
2863,2817,3493000000,3393000000,100000000
2864,2817,3393000000,3293000000,100000000
2865,2817,3293000000,3292000000,1000000
13100,12986,5000000000,4997000000,3000000
14171,14050,10000000000,9990000000,10000000
20010,19867,604967000000,604953000000,14000000
20920,20774,554953000000,554940000000,13000000
23238,23083,505000000000,504988000000,12000000
25641,25472,504988000000,504976000000,12000000
28702,28511,1005000000000,1004978000000,22000000
34639,34407,505000000000,504988000000,12000000
34640,34407,574988000000,574974000000,14000000
39652,39323,1905000000000,1904956000000,44000000
49547,48895,15000000000,14974000000,26000000
60909,55819,2408000000,2345000000,63000000
60911,55819,2629000000,2356000000,273000000
60913,55819,5000000000,4665000000,335000000
60972,55869,1464000000,1200000000,264000000
62446,57052,1000099000000,1000000000000,99000000
71418,63531,2000137000000,2000000000000,137000000
79735,67262,7000000,6000000,1000000
84787,67822,500000000,499000000,1000000
84789,67822,494000000,493000000,1000000
84790,67822,488000000,487000000,1000000
84792,67823,482000000,481000000,1000000
84795,67825,476000000,475000000,1000000
84799,67827,470000000,469000000,1000000
84800,67827,464000000,463000000,1000000
84808,67832,458000000,457000000,1000000
84809,67832,452000000,451000000,1000000
84810,67832,446000000,445000000,1000000
84812,67833,440000000,439000000,1000000
84822,67837,434000000,433000000,1000000
84827,67840,428000000,427000000,1000000
84832,67843,422000000,421000000,1000000
84842,67847,250000000,249000000,1000000
84852,67851,244000000,243000000,1000000
84857,67853,238000000,237000000,1000000
84866,67854,125000000,124000000,1000000
84868,67854,119000000,118000000,1000000
84875,67859,113000000,112000000,1000000
84882,67861,107000000,106000000,1000000
84884,67862,101000000,100000000,1000000
84885,67862,95000000,94000000,1000000
84909,67875,89000000,88000000,1000000
84913,67876,83000000,82000000,1000000
84924,67882,77000000,76000000,1000000
84932,67886,71000000,70000000,1000000
84936,67889,65000000,64000000,1000000
84940,67891,59000000,58000000,1000000
84956,67899,53000000,52000000,1000000
84958,67900,47000000,46000000,1000000
84963,67902,41000000,40000000,1000000
84965,67902,35000000,34000000,1000000
84968,67904,29000000,28000000,1000000
84971,67905,23000000,22000000,1000000
84975,67907,17000000,16000000,1000000
84984,67910,11000000,10000000,1000000
84992,67912,232000000,231000000,1000000
85000,67916,226000000,225000000,1000000
85001,67916,220000000,219000000,1000000
85002,67916,214000000,213000000,1000000
85003,67916,208000000,207000000,1000000
85004,67916,202000000,201000000,1000000
85008,67918,196000000,195000000,1000000
85009,67918,190000000,189000000,1000000
85010,67918,184000000,183000000,1000000
85012,67919,178000000,177000000,1000000
85017,67922,172000000,171000000,1000000
85020,67923,166000000,165000000,1000000
85025,67927,160000000,159000000,1000000
85032,67930,154000000,153000000,1000000
85033,67930,148000000,147000000,1000000
85035,67931,142000000,141000000,1000000
85050,67937,136000000,135000000,1000000
85051,67937,130000000,129000000,1000000
85052,67937,124000000,123000000,1000000
85054,67938,118000000,117000000,1000000
85059,67940,112000000,111000000,1000000
85061,67940,106000000,105000000,1000000
85063,67940,16000000,15000000,1000000
85069,67944,10000000,9000000,1000000
85125,67967,101000000,100000000,1000000
85126,67967,99000000,98000000,1000000
85163,67983,97000000,96000000,1000000
85164,67983,95000000,94000000,1000000
85165,67983,93000000,92000000,1000000
86379,68534,51000000,50000000,1000000
86381,68535,45000000,44000000,1000000
86387,68537,39000000,38000000,1000000
86392,68538,33000000,32000000,1000000
86407,68547,27000000,26000000,1000000
86409,68548,21000000,20000000,1000000
86412,68550,15000000,14000000,1000000
86415,68550,9000000,8000000,1000000
86450,68557,1465000000,1464000000,1000000
86453,68558,1459000000,1458000000,1000000
86458,68558,1453000000,1452000000,1000000
86460,68558,1447000000,1446000000,1000000
86462,68559,1441000000,1440000000,1000000
86465,68559,1435000000,1434000000,1000000
86477,68561,1429000000,1428000000,1000000
86479,68561,1423000000,1422000000,1000000
86511,68562,56000000,55000000,1000000
86514,68562,50000000,49000000,1000000
86569,68583,50000000,49000000,1000000
86571,68583,44000000,43000000,1000000
86585,68585,38000000,37000000,1000000
86595,68586,32000000,31000000,1000000
86598,68586,26000000,25000000,1000000
86600,68587,20000000,19000000,1000000
86608,68589,14000000,13000000,1000000
86614,68589,8000000,7000000,1000000
86615,68589,6000000,5000000,1000000
87070,68779,7500000000,7499000000,1000000
87073,68779,7494000000,7493000000,1000000
87079,68780,7488000000,7487000000,1000000
87080,68780,7482000000,7481000000,1000000
87093,68789,7476000000,7475000000,1000000
87105,68790,7470000000,7469000000,1000000
87108,68790,7464000000,7463000000,1000000
87111,68791,7458000000,7457000000,1000000
87112,68791,7452000000,7451000000,1000000
87117,68792,7446000000,7445000000,1000000
87119,68792,7440000000,7439000000,1000000
87120,68792,7434000000,7433000000,1000000
87122,68793,7428000000,7427000000,1000000
87145,68803,500000000,499000000,1000000
87158,68809,494000000,493000000,1000000
87160,68809,488000000,487000000,1000000
87163,68811,482000000,481000000,1000000
87170,68814,476000000,475000000,1000000
87171,68814,470000000,469000000,1000000
87173,68815,464000000,463000000,1000000
87191,68825,458000000,457000000,1000000
87192,68825,452000000,451000000,1000000
87195,68826,446000000,445000000,1000000
87196,68826,440000000,439000000,1000000
87200,68829,434000000,433000000,1000000
87201,68829,428000000,427000000,1000000
87205,68831,422000000,421000000,1000000
87217,68837,416000000,415000000,1000000
87220,68838,410000000,409000000,1000000
87221,68838,404000000,403000000,1000000
87226,68842,398000000,397000000,1000000
87229,68844,392000000,391000000,1000000
87233,68847,386000000,385000000,1000000
87243,68852,380000000,379000000,1000000
87244,68852,374000000,373000000,1000000
87276,68855,368000000,367000000,1000000
87277,68855,362000000,361000000,1000000
87278,68855,356000000,355000000,1000000
87283,68857,350000000,349000000,1000000
87286,68859,344000000,343000000,1000000
87288,68859,338000000,337000000,1000000
87298,68868,332000000,331000000,1000000
87299,68868,326000000,325000000,1000000
87302,68870,320000000,319000000,1000000
87305,68872,314000000,313000000,1000000
87308,68873,308000000,307000000,1000000
87319,68879,302000000,301000000,1000000
87327,68883,296000000,295000000,1000000
87334,68888,290000000,289000000,1000000
87342,68892,284000000,283000000,1000000
87352,68900,278000000,277000000,1000000
87353,68900,272000000,271000000,1000000
87357,68903,266000000,265000000,1000000
87361,68905,260000000,259000000,1000000
87366,68907,254000000,253000000,1000000
87369,68908,248000000,247000000,1000000
87379,68916,242000000,241000000,1000000
87380,68916,236000000,235000000,1000000
87382,68917,230000000,229000000,1000000
87389,68921,224000000,223000000,1000000
87391,68922,218000000,217000000,1000000
87394,68922,212000000,211000000,1000000
87395,68922,206000000,205000000,1000000
87396,68922,200000000,199000000,1000000
87401,68924,194000000,193000000,1000000
87404,68925,188000000,187000000,1000000
87408,68927,182000000,181000000,1000000
87415,68931,176000000,175000000,1000000
87419,68933,170000000,169000000,1000000
87422,68934,164000000,163000000,1000000
87424,68934,158000000,157000000,1000000
87425,68934,152000000,151000000,1000000
87451,68946,146000000,145000000,1000000
87456,68946,140000000,139000000,1000000
87462,68948,134000000,133000000,1000000
87465,68949,128000000,127000000,1000000
87467,68949,122000000,121000000,1000000
87470,68949,116000000,115000000,1000000
87474,68950,110000000,109000000,1000000
87475,68950,104000000,103000000,1000000
87477,68951,98000000,97000000,1000000
87481,68951,92000000,91000000,1000000
87498,68955,86000000,85000000,1000000
87501,68955,80000000,79000000,1000000
87503,68956,74000000,73000000,1000000
87504,68956,68000000,67000000,1000000
87508,68958,62000000,61000000,1000000
87509,68958,56000000,55000000,1000000
87516,68962,50000000,49000000,1000000
87527,68964,44000000,43000000,1000000
87540,68965,38000000,37000000,1000000
87543,68966,32000000,31000000,1000000
87550,68969,26000000,25000000,1000000
87553,68970,20000000,19000000,1000000
87558,68970,14000000,13000000,1000000
87565,68973,8000000,7000000,1000000
87566,68973,6000000,5000000,1000000
89774,69838,6000000,5000000,1000000
90854,70113,1870000000,1869000000,1000000
90856,70114,1864000000,1863000000,1000000
90870,70125,1858000000,1857000000,1000000
90879,70129,1852000000,1851000000,1000000
90883,70131,1846000000,1845000000,1000000
90901,70144,1840000000,1839000000,1000000
90903,70145,1834000000,1833000000,1000000
90945,70172,90000000,89000000,1000000
90976,70188,84000000,83000000,1000000
90986,70191,78000000,77000000,1000000
92186,70196,72000000,71000000,1000000
92191,70196,66000000,65000000,1000000
92192,70196,60000000,59000000,1000000
92387,70197,54000000,53000000,1000000
92389,70197,48000000,47000000,1000000
92425,70200,42000000,41000000,1000000
92435,70209,24152000000,24000000000,152000000
92438,70210,967000000,860000000,107000000
92446,70211,36000000,35000000,1000000
92447,70211,30000000,29000000,1000000
92449,70212,24000000,23000000,1000000
92457,70218,18000000,17000000,1000000
92461,70218,12000000,11000000,1000000
92463,70219,6000000,5000000,1000000
92473,70226,105000000,104000000,1000000
92474,70226,99000000,98000000,1000000
92476,70227,93000000,92000000,1000000
92484,70231,87000000,86000000,1000000
92491,70236,81000000,80000000,1000000
92492,70236,75000000,74000000,1000000
92620,70312,200000000,199000000,1000000
92622,70312,194000000,193000000,1000000
92623,70312,188000000,187000000,1000000
92627,70315,182000000,181000000,1000000
92655,70332,176000000,175000000,1000000
92657,70333,170000000,169000000,1000000
92663,70338,164000000,163000000,1000000
92703,70366,158000000,157000000,1000000
92721,70377,152000000,151000000,1000000
92751,70391,146000000,145000000,1000000
92779,70407,100000000,99000000,1000000
92785,70412,94000000,93000000,1000000
92787,70412,88000000,87000000,1000000
92802,70421,82000000,81000000,1000000
92820,70434,76000000,75000000,1000000
92833,70442,70000000,69000000,1000000
92835,70443,64000000,63000000,1000000
92848,70449,58000000,57000000,1000000
92857,70454,52000000,51000000,1000000
92863,70457,46000000,45000000,1000000
92893,70476,40000000,39000000,1000000
92905,70480,10000000,9000000,1000000
92908,70480,8000000,7000000,1000000
92974,70509,6000000,5000000,1000000
92976,70509,5000000000,29000,4999971000
93014,70527,300000000,299000000,1000000
93026,70532,294000000,293000000,1000000
93027,70532,288000000,287000000,1000000
93030,70533,282000000,281000000,1000000
93036,70537,276000000,275000000,1000000
93039,70537,4675431000000,4675313000000,118000000
93046,70538,270000000,269000000,1000000
93049,70539,264000000,263000000,1000000
93059,70545,258000000,257000000,1000000
93065,70547,252000000,251000000,1000000
93068,70548,246000000,245000000,1000000
93072,70548,240000000,239000000,1000000
93073,70548,234000000,233000000,1000000
93107,70564,228000000,227000000,1000000
93109,70565,222000000,221000000,1000000
93117,70568,216000000,215000000,1000000
93129,70574,210000000,209000000,1000000
93132,70576,204000000,203000000,1000000
93133,70576,198000000,197000000,1000000
93137,70579,192000000,191000000,1000000
93139,70579,186000000,185000000,1000000
93148,70585,180000000,179000000,1000000
93156,70590,174000000,173000000,1000000
93177,70601,168000000,167000000,1000000
93178,70601,162000000,161000000,1000000
93193,70610,156000000,155000000,1000000
93197,70613,150000000,149000000,1000000
93200,70613,144000000,143000000,1000000
93201,70613,138000000,137000000,1000000
93209,70616,132000000,131000000,1000000
93213,70618,126000000,125000000,1000000
93256,70634,120000000,119000000,1000000
93260,70635,114000000,113000000,1000000
93261,70635,108000000,107000000,1000000
93263,70636,102000000,101000000,1000000
93265,70636,96000000,95000000,1000000
93267,70637,90000000,89000000,1000000
93272,70639,84000000,83000000,1000000
93273,70639,78000000,77000000,1000000
93281,70645,72000000,71000000,1000000
93287,70647,66000000,65000000,1000000
93289,70648,60000000,59000000,1000000
93291,70648,54000000,53000000,1000000
93294,70649,48000000,47000000,1000000
93297,70649,42000000,41000000,1000000
93298,70649,36000000,35000000,1000000
93299,70649,30000000,29000000,1000000
93300,70649,24000000,23000000,1000000
93304,70652,18000000,17000000,1000000
93308,70655,12000000,11000000,1000000
93321,70661,6000000,5000000,1000000
93329,70662,1328000000,1327000000,1000000
93330,70662,1322000000,1321000000,1000000
93333,70662,1316000000,1315000000,1000000
93334,70662,1310000000,1309000000,1000000
93340,70663,1304000000,1303000000,1000000
93341,70663,1298000000,1297000000,1000000
93342,70663,1292000000,1291000000,1000000
93347,70664,1286000000,1285000000,1000000
93350,70664,1280000000,1279000000,1000000
93353,70664,1274000000,1273000000,1000000
93354,70664,1268000000,1267000000,1000000
93356,70665,1262000000,1261000000,1000000
93357,70665,1256000000,1255000000,1000000
93366,70667,1250000000,1249000000,1000000
93367,70667,1244000000,1243000000,1000000
93368,70667,1238000000,1237000000,1000000
93369,70667,1232000000,1231000000,1000000
93387,70671,226000000,225000000,1000000
93390,70672,220000000,219000000,1000000
93402,70677,214000000,213000000,1000000
93422,70682,208000000,207000000,1000000
93427,70682,202000000,201000000,1000000
93435,70687,100000000,99000000,1000000
93438,70689,94000000,93000000,1000000
93453,70697,88000000,87000000,1000000
93490,70707,82000000,81000000,1000000
93495,70709,76000000,75000000,1000000
93501,70713,70000000,69000000,1000000
93516,70721,64000000,63000000,1000000
93560,70734,58000000,57000000,1000000
93561,70734,52000000,51000000,1000000
93563,70735,46000000,45000000,1000000
93564,70735,40000000,39000000,1000000
93573,70740,34000000,33000000,1000000
93582,70744,28000000,27000000,1000000
93587,70747,22000000,21000000,1000000
93607,70760,16000000,15000000,1000000
93612,70762,10000000,9000000,1000000
93617,70762,8000000,7000000,1000000
94903,70880,5000095000000,5000000000000,95000000
97310,71052,2008000000,1919000000,89000000
97469,71144,1280000000,1279000000,1000000
97475,71144,1274000000,1273000000,1000000
97485,71148,1268000000,1267000000,1000000
97487,71148,1262000000,1261000000,1000000
97488,71148,1256000000,1255000000,1000000
97496,71154,1250000000,1249000000,1000000
97497,71154,1244000000,1243000000,1000000
97503,71158,1238000000,1237000000,1000000
97509,71159,1232000000,1231000000,1000000
97516,71164,1226000000,1225000000,1000000
97519,71165,1220000000,1219000000,1000000
97528,71167,1214000000,1213000000,1000000
97535,71169,1208000000,1207000000,1000000
97568,71192,1202000000,1201000000,1000000
97583,71200,1196000000,1195000000,1000000
97598,71212,1190000000,1189000000,1000000
97605,71216,1184000000,1183000000,1000000
97607,71216,1178000000,1177000000,1000000
97613,71220,1172000000,1171000000,1000000
97614,71220,1166000000,1165000000,1000000
97615,71220,1160000000,1159000000,1000000
97616,71220,1154000000,1153000000,1000000
97620,71222,1148000000,1147000000,1000000
97621,71222,1142000000,1141000000,1000000
97630,71228,1136000000,1135000000,1000000
97637,71232,1130000000,1129000000,1000000
97642,71233,1124000000,1123000000,1000000
97645,71234,1118000000,1117000000,1000000
97655,71240,1112000000,1111000000,1000000
97666,71246,1106000000,1105000000,1000000
97684,71256,1100000000,1099000000,1000000
97703,71272,1094000000,1093000000,1000000
97704,71272,1088000000,1087000000,1000000
97716,71281,1082000000,1081000000,1000000
97722,71285,1076000000,1075000000,1000000
97728,71290,1070000000,1069000000,1000000
97739,71298,1064000000,1063000000,1000000
97745,71302,1058000000,1057000000,1000000
97755,71309,1052000000,1051000000,1000000
97757,71310,1046000000,1045000000,1000000
97760,71312,1040000000,1039000000,1000000
97762,71313,1034000000,1033000000,1000000
97771,71320,1028000000,1027000000,1000000
97774,71322,1022000000,1021000000,1000000
97795,71339,1016000000,1015000000,1000000
97798,71341,1010000000,1009000000,1000000
97804,71345,1004000000,1003000000,1000000
97806,71346,998000000,997000000,1000000
97808,71347,992000000,991000000,1000000
97809,71347,986000000,985000000,1000000
97811,71348,980000000,979000000,1000000
97815,71350,974000000,973000000,1000000
97820,71353,968000000,967000000,1000000
97832,71359,962000000,961000000,1000000
97865,71381,956000000,955000000,1000000
97875,71388,950000000,949000000,1000000
97886,71394,944000000,943000000,1000000
97910,71412,938000000,937000000,1000000
97949,71442,932000000,931000000,1000000
97958,71447,926000000,925000000,1000000
97964,71450,920000000,919000000,1000000
97992,71468,914000000,913000000,1000000
98029,71496,908000000,907000000,1000000
98032,71497,902000000,901000000,1000000
98059,71519,896000000,895000000,1000000
98061,71519,890000000,889000000,1000000
98068,71525,884000000,883000000,1000000
98102,71548,878000000,877000000,1000000
98117,71560,872000000,871000000,1000000
98159,71586,866000000,865000000,1000000
98162,71588,860000000,859000000,1000000
98165,71589,854000000,853000000,1000000
98170,71591,848000000,847000000,1000000
98187,71598,500000000,499000000,1000000
98199,71608,494000000,493000000,1000000
98217,71621,488000000,487000000,1000000
98220,71622,482000000,481000000,1000000
98224,71625,476000000,475000000,1000000
98225,71625,470000000,469000000,1000000
98227,71626,464000000,463000000,1000000
98228,71626,458000000,457000000,1000000
98242,71633,452000000,451000000,1000000
98255,71643,446000000,445000000,1000000
98265,71652,440000000,439000000,1000000
98280,71660,434000000,433000000,1000000
98281,71660,428000000,427000000,1000000
98282,71660,422000000,421000000,1000000
98283,71660,416000000,415000000,1000000
98289,71663,410000000,409000000,1000000
98290,71663,404000000,403000000,1000000
98346,71702,398000000,397000000,1000000
98347,71702,392000000,391000000,1000000
98384,71728,386000000,385000000,1000000
98400,71739,380000000,379000000,1000000
98408,71745,374000000,373000000,1000000
98425,71757,368000000,367000000,1000000
98426,71757,362000000,361000000,1000000
98452,71779,356000000,355000000,1000000
98494,71806,6000000,5000000,1000000
98496,71807,350000000,349000000,1000000
98497,71807,344000000,343000000,1000000
98498,71807,338000000,337000000,1000000
98504,71811,332000000,331000000,1000000
98512,71813,50000000,49000000,1000000
98515,71814,44000000,43000000,1000000
98518,71816,38000000,37000000,1000000
98524,71817,32000000,31000000,1000000
98525,71817,26000000,25000000,1000000
98528,71819,20000000,19000000,1000000
98541,71825,14000000,13000000,1000000
98562,71837,8000000,7000000,1000000
100684,72763,184733000000,184502000000,231000000
100849,72855,20003971000,15004000000,4999971000
101662,73272,900432000000,900000000000,432000000
104568,74784,6972000000,6905000000,67000000
104985,74939,3155000000,3000000000,155000000
105158,75013,10000000,9000000,1000000
105281,75047,5000000000,-5000000000,10000000000
107473,76171,780000000,700000000,80000000
108756,76901,5000000000,4999999990,10
108770,76908,3999999990,3999999980,10
108786,76915,3998999980,3998999970,10
108797,76921,3997999970,3997999960,10
108817,76931,3996999960,3996999950,10
108825,76934,3995999950,3995999940,10
108835,76940,3994999940,3994999930,10
108848,76942,3993999930,3993999920,10
108861,76951,3992999920,3992999910,10
108873,76958,3991999910,3991999900,10
108883,76961,990999900,990999890,10
108992,77038,525000000,524000000,1000000
109005,77043,519000000,518000000,1000000
109010,77045,513000000,512000000,1000000
109012,77046,507000000,506000000,1000000
109017,77048,501000000,500000000,1000000
109020,77049,495000000,494000000,1000000
109027,77053,489000000,488000000,1000000
109031,77055,483000000,482000000,1000000
109039,77059,477000000,476000000,1000000
109055,77067,471000000,470000000,1000000
109067,77074,465000000,464000000,1000000
109070,77076,459000000,458000000,1000000
109074,77078,453000000,452000000,1000000
109087,77088,447000000,446000000,1000000
109092,77092,441000000,440000000,1000000
109098,77095,435000000,434000000,1000000
109108,77104,429000000,428000000,1000000
109109,77104,423000000,422000000,1000000
109115,77107,417000000,416000000,1000000
109120,77111,411000000,410000000,1000000
109134,77119,405000000,404000000,1000000
109142,77122,399000000,398000000,1000000
109151,77126,393000000,392000000,1000000
109173,77135,387000000,386000000,1000000
109183,77137,381000000,380000000,1000000
109194,77144,375000000,374000000,1000000
109204,77150,369000000,368000000,1000000
109217,77158,363000000,362000000,1000000
109221,77160,357000000,356000000,1000000
109226,77164,351000000,350000000,1000000
109234,77170,345000000,344000000,1000000
109241,77174,339000000,338000000,1000000
109250,77180,333000000,332000000,1000000
109255,77183,327000000,326000000,1000000
109258,77185,321000000,320000000,1000000
109261,77186,315000000,314000000,1000000
109294,77210,309000000,308000000,1000000
109303,77212,303000000,302000000,1000000
109307,77212,297000000,296000000,1000000
109308,77212,291000000,290000000,1000000
109309,77212,285000000,284000000,1000000
109310,77212,279000000,278000000,1000000
109311,77212,273000000,272000000,1000000
109312,77212,267000000,266000000,1000000
109324,77217,261000000,260000000,1000000
109325,77217,255000000,254000000,1000000
109327,77218,249000000,248000000,1000000
109330,77219,243000000,242000000,1000000
109341,77224,237000000,236000000,1000000
109348,77228,231000000,230000000,1000000
109364,77236,225000000,224000000,1000000
109366,77237,219000000,218000000,1000000
109367,77237,213000000,212000000,1000000
109368,77237,207000000,206000000,1000000
109389,77245,201000000,200000000,1000000
109396,77248,195000000,194000000,1000000
109438,77261,189000000,188000000,1000000
109441,77261,183000000,182000000,1000000
109470,77270,177000000,176000000,1000000
109562,77297,5001999890,5001999880,10
109563,77297,5001999880,5001999870,10
109588,77306,5001999870,5001999860,10
109620,77323,171000000,170000000,1000000
109661,77346,165000000,164000000,1000000
109662,77346,159000000,158000000,1000000
109669,77351,153000000,152000000,1000000
109699,77364,147000000,146000000,1000000
109701,77364,141000000,140000000,1000000
109723,77374,135000000,134000000,1000000
109744,77382,129000000,128000000,1000000
109746,77382,123000000,122000000,1000000
109756,77388,117000000,116000000,1000000
109787,77397,111000000,110000000,1000000
109790,77398,105000000,104000000,1000000
109813,77409,99000000,98000000,1000000
109831,77413,93000000,92000000,1000000
109835,77414,87000000,86000000,1000000
109859,77420,81000000,80000000,1000000
109887,77437,75000000,74000000,1000000
109892,77440,69000000,68000000,1000000
109905,77449,63000000,62000000,1000000
109925,77460,57000000,56000000,1000000
109931,77465,51000000,50000000,1000000
109939,77467,45000000,44000000,1000000
109945,77471,39000000,38000000,1000000
109978,77489,33000000,32000000,1000000
109981,77489,27000000,26000000,1000000
109990,77492,21000000,20000000,1000000
109995,77495,15000000,14000000,1000000
109996,77495,9000000,8000000,1000000
110246,77586,5001999860,5001999850,10
110276,77601,5001999850,5001999840,10
111347,78187,5001000000,5000000000,1000000
111604,78330,5001999840,5001999830,10
112139,78632,5001999830,5001999820,10
112303,78707,5001999820,5001999810,10
112460,78783,50000000000,49999000000,1000000
112464,78785,44999000000,44998000000,1000000
112470,78785,39998000000,39997000000,1000000
112478,78785,34997000000,34996000000,1000000
112479,78785,29996000000,29995000000,1000000
112480,78785,24995000000,24994000000,1000000
112481,78785,19994000000,19993000000,1000000
112483,78786,14993000000,14992000000,1000000
112485,78787,9992000000,9991000000,1000000
112583,78834,5011000000,5010000000,1000000
112590,78837,5001000000,5000000000,1000000
112674,78873,5001999810,5001999800,10
112792,78914,5001999800,5001999790,10
113513,79293,255000000,254000000,1000000
113514,79293,249000000,248000000,1000000
113517,79293,243000000,242000000,1000000
113530,79301,237000000,236000000,1000000
113543,79309,231000000,230000000,1000000
113563,79321,225000000,224000000,1000000
113566,79322,219000000,218000000,1000000
113569,79324,213000000,212000000,1000000
113573,79326,207000000,206000000,1000000
113574,79326,201000000,200000000,1000000
113578,79328,195000000,194000000,1000000
113579,79328,189000000,188000000,1000000
113584,79331,183000000,182000000,1000000
113589,79334,177000000,176000000,1000000
113590,79334,171000000,170000000,1000000
114167,79560,4000010,4000000,10
114449,79690,3928960352,3928000000,960352
115914,80403,15505000000,15500000000,5000000
115950,80423,263000000,250000000,13000000
117594,81167,200000000010,200000000000,10
121093,82383,10000000,9000000,1000000
121094,82383,8000000,7000000,1000000
121418,82572,9999000000,9998000000,1000000
121420,82573,9997999000,9996999000,1000000
121421,82573,9996899000,9995899000,1000000
121422,82573,9995799000,9994799000,1000000
121423,82573,9994699000,9993699000,1000000
121424,82573,9993599000,9992599000,1000000
121425,82573,9992499000,9991499000,1000000
121426,82573,9991399000,9990399000,1000000
121427,82573,9990299000,9989299000,1000000
121428,82573,9989199000,9988199000,1000000
121429,82573,9988099000,9987099000,1000000
121430,82573,9987098901,9986098901,1000000
121431,82573,9986098802,9985098802,1000000
121432,82573,9984998802,9983998802,1000000
121437,82574,9983898802,9982898802,1000000
121438,82574,9982798802,9981798802,1000000
121439,82574,9981698802,9980698802,1000000
121440,82574,9980598802,9979598802,1000000
121441,82574,9979498802,9978498802,1000000
121447,82574,9970398802,9969398802,1000000
121448,82574,9969398703,9968398703,1000000
121449,82574,9968398604,9967398604,1000000
121450,82574,9967398505,9966398505,1000000
121451,82574,9966398406,9965398406,1000000
121452,82574,9965398307,9964398307,1000000
121453,82574,9964398208,9963398208,1000000
121454,82574,9963398109,9962398109,1000000
121455,82574,9962398010,9961398010,1000000
121456,82574,9961397911,9960397911,1000000
121457,82574,9960397812,9959397812,1000000
121483,82587,10000000,9000000,1000000
121486,82587,8999000,7999000,1000000
121488,82588,7998000,6998000,1000000
121614,82627,6997000,5997000,1000000
121615,82627,5996000,4996000,1000000
121630,82633,4995000,3995000,1000000
121639,82639,2994000,1994000,1000000
121641,82640,1993901,993901,1000000
121644,82641,9259397713,9258397713,1000000
121646,82642,9258397713,9257397713,1000000
121649,82642,9256296615,9255296615,1000000
121713,82672,4501512000000,4501409000000,103000000
123161,83031,9152786615,9151786615,1000000
123164,83031,9151776615,9150776615,1000000
123165,83031,9149776615,9148776615,1000000
123166,83031,9147776615,9146776615,1000000
123167,83031,9145776615,9144776615,1000000
123168,83031,9094776615,9093776615,1000000
123169,83031,8993776615,8992776615,1000000
123170,83031,8892776615,8891776615,1000000
123171,83031,8791776615,8790776615,1000000
123172,83031,8690776615,8689776615,1000000
123173,83031,8589776615,8588776615,1000000
123174,83031,8488776615,8487776615,1000000
123175,83031,8387776615,8386776615,1000000
123176,83031,8286776615,8285776615,1000000
123177,83031,8185776615,8184776615,1000000
123178,83031,8084776615,8083776615,1000000
123179,83031,7983776615,7982776615,1000000
123180,83031,7882776615,7881776615,1000000
123181,83031,7781776615,7780776615,1000000
123182,83031,7680776615,7679776615,1000000
123183,83031,7579776615,7578776615,1000000
123184,83031,7478776615,7477776615,1000000
123185,83031,7377776615,7376776615,1000000
123186,83031,7276776615,7275776615,1000000
123187,83031,7175776615,7174776615,1000000
123188,83031,7074776615,7073776615,1000000
123189,83031,6973776615,6972776615,1000000
123190,83031,6872776615,6871776615,1000000
123191,83031,6771776615,6770776615,1000000
123192,83031,6670776615,6669776615,1000000
123193,83031,6569776615,6568776615,1000000
123194,83031,6468776615,6467776615,1000000
123195,83031,6367776615,6366776615,1000000
123196,83031,6266776615,6265776615,1000000
123197,83031,6165776615,6164776615,1000000
123198,83031,6064776615,6063776615,1000000
123199,83031,5963776615,5962776615,1000000
123200,83031,5862776615,5861776615,1000000
123201,83031,5761776615,5760776615,1000000
123202,83031,5660776615,5659776615,1000000
123203,83031,5559776615,5558776615,1000000
123204,83031,5458776615,5457776615,1000000
123205,83031,5357776615,5356776615,1000000
123206,83031,5256776615,5255776615,1000000
123207,83031,5155776615,5154776615,1000000
123208,83031,5054776615,5053776615,1000000
123209,83031,4953776615,4952776615,1000000
123210,83031,4852776615,4851776615,1000000
123211,83031,4751776615,4750776615,1000000
123212,83031,4650776615,4649776615,1000000
123213,83031,4549776615,4548776615,1000000
123214,83031,4448776615,4447776615,1000000
123215,83031,4347776615,4346776615,1000000
123216,83031,4246776615,4245776615,1000000
123227,83031,4144776615,4143776615,1000000
123228,83031,4133776615,4132776615,1000000
123858,83193,91776615,91000000,776615
124096,83239,100000099,100000000,99
124113,83245,2309384000099,2309384000000,99
124411,83329,200000776615,200000000000,776615
124536,83369,1000010,1000000,10
124843,83489,300000000099,300000000000,99
125564,83755,300000000099,300000000000,99
125582,83761,1000010,1000000,10
127248,84495,200000000109,200000000000,109
128266,84963,1500050000000,1500015000000,35000000
129948,85927,2000000,1000000,1000000
129955,85930,50000000,49000000,1000000
132501,86774,20050776615,20050000000,776615
133452,87066,5709000000,5708000000,1000000
133453,87066,5708000000,5707000000,1000000
133455,87066,5705000000,5704000000,1000000
133457,87066,5703000000,5702000000,1000000
133458,87066,5701000000,5700000000,1000000
137237,88755,666666666,500000000,166666666
140484,90535,4004000000000,4003917000000,83000000
145655,92059,12548000000,12500000000,48000000
166239,92915,46185000000,46184000000,1000000
166445,92916,46179000000,46178000000,1000000
166452,92916,46173000000,46172000000,1000000
167212,92921,46167000000,46166000000,1000000
167891,92931,46161000000,46160000000,1000000
168113,92932,46155000000,46154000000,1000000
168121,92932,46149000000,46148000000,1000000
168130,92933,46143000000,46142000000,1000000
168427,92945,25000000,24000000,1000000
168865,92947,19000000,18000000,1000000
168870,92948,13000000,12000000,1000000
169312,92951,7000000,6000000,1000000
169530,92953,46137000000,46136000000,1000000
169571,92955,46131000000,46130000000,1000000
170233,92958,46125000000,46124000000,1000000
170234,92958,46119000000,46118000000,1000000
170236,92958,6000000,5000000,1000000
171861,92964,46113000000,46112000000,1000000
171866,92964,46107000000,46106000000,1000000
172294,92966,46101000000,46100000000,1000000
172298,92966,46095000000,46094000000,1000000
172512,92967,46089000000,46088000000,1000000
172517,92967,46083000000,46082000000,1000000
172730,92968,46077000000,46076000000,1000000
172733,92969,46071000000,46070000000,1000000
172952,92971,46065000000,46064000000,1000000
173407,92975,10000000000,9999000000,1000000
173419,92978,46014000000,46013000000,1000000
173420,92978,9949000000,9948000000,1000000
173652,92984,9898000000,9897000000,1000000
173872,92985,45963000000,45962000000,1000000
173873,92985,9847000000,9846000000,1000000
173875,92986,9796000000,9795000000,1000000
173878,92987,9745000000,9744000000,1000000
174317,92992,45912000000,45911000000,1000000
174318,92992,9694000000,9693000000,1000000
174327,92994,9643000000,9642000000,1000000
174773,93000,45861000000,45860000000,1000000
174775,93000,9592000000,9591000000,1000000
174991,93001,45810000000,45809000000,1000000
174992,93001,9541000000,9540000000,1000000
174993,93001,9490000000,9489000000,1000000
174994,93001,9439000000,9438000000,1000000
175216,93003,45759000000,45758000000,1000000
175217,93003,9388000000,9387000000,1000000
175218,93003,9337000000,9336000000,1000000
175222,93005,45708000000,45707000000,1000000
175223,93005,9286000000,9285000000,1000000
175235,93006,45657000000,45656000000,1000000
175238,93006,9235000000,9234000000,1000000
176073,93007,45606000000,45605000000,1000000
176074,93007,9184000000,9183000000,1000000
177051,93010,45555000000,45554000000,1000000
177057,93010,9133000000,9132000000,1000000
177060,93010,9082000000,9081000000,1000000
177269,93011,9031000000,9030000000,1000000
177274,93011,45504000000,45503000000,1000000
177488,93012,45453000000,45452000000,1000000
177489,93012,8980000000,8979000000,1000000
177491,93013,45402000000,45401000000,1000000
177492,93013,8929000000,8928000000,1000000
177493,93013,8878000000,8877000000,1000000
177635,93015,45351000000,45350000000,1000000
177636,93015,8827000000,8826000000,1000000
177644,93018,45300000000,45299000000,1000000
177646,93018,8776000000,8775000000,1000000
177649,93018,8725000000,8724000000,1000000
177650,93018,8674000000,8673000000,1000000
177651,93018,8623000000,8622000000,1000000
177652,93018,8572000000,8571000000,1000000
177655,93020,8521000000,8520000000,1000000
177665,93022,8470000000,8469000000,1000000
177668,93023,8419000000,8418000000,1000000
177674,93026,8368000000,8367000000,1000000
177681,93030,8317000000,8316000000,1000000
177688,93036,8266000000,8265000000,1000000
177690,93036,45249000000,45248000000,1000000
177692,93037,8215000000,8214000000,1000000
177699,93038,45198000000,45197000000,1000000
177700,93038,8164000000,8163000000,1000000
177702,93038,8113000000,8112000000,1000000
177703,93038,8062000000,8061000000,1000000
177705,93039,8011000000,8010000000,1000000
177707,93040,7960000000,7959000000,1000000
177709,93041,45147000000,45146000000,1000000
177710,93041,7909000000,7908000000,1000000
177713,93042,7858000000,7857000000,1000000
177715,93043,7807000000,7806000000,1000000
177717,93044,7756000000,7755000000,1000000
177719,93045,45096000000,45095000000,1000000
177721,93045,7705000000,7704000000,1000000
177722,93045,7654000000,7653000000,1000000
177724,93046,7603000000,7602000000,1000000
177728,93047,7552000000,7551000000,1000000
177738,93049,45045000000,45044000000,1000000
177739,93049,7501000000,7500000000,1000000
177883,93053,7450000000,7449000000,1000000
177896,93054,7399000000,7398000000,1000000
177898,93054,44994000000,44993000000,1000000
178115,93055,44943000000,44942000000,1000000
178116,93055,7348000000,7347000000,1000000
178117,93055,7297000000,7296000000,1000000
178121,93056,44892000000,44891000000,1000000
178122,93056,7246000000,7245000000,1000000
178124,93057,7195000000,7194000000,1000000
178138,93058,44841000000,44840000000,1000000
178139,93058,7144000000,7143000000,1000000
178142,93058,7093000000,7092000000,1000000
178165,93060,44790000000,44789000000,1000000
178166,93060,7042000000,7041000000,1000000
178169,93060,6991000000,6990000000,1000000
178172,93060,6940000000,6939000000,1000000
178175,93060,6889000000,6888000000,1000000
178180,93061,6838000000,6837000000,1000000
178211,93064,6787000000,6786000000,1000000
178225,93065,44739000000,44738000000,1000000
178237,93066,44688000000,44687000000,1000000
178238,93066,6736000000,6735000000,1000000
178242,93066,6685000000,6684000000,1000000
178444,93068,44637000000,44636000000,1000000
178445,93068,6634000000,6633000000,1000000
178678,93070,44586000000,44585000000,1000000
178679,93070,6583000000,6582000000,1000000
178682,93070,6532000000,6531000000,1000000
179105,93072,44535000000,44534000000,1000000
179106,93072,6481000000,6480000000,1000000
179325,93073,6430000000,6429000000,1000000
180174,93074,6379000000,6378000000,1000000
180396,93079,44484000000,44483000000,1000000
180397,93079,6328000000,6327000000,1000000
180617,93080,6277000000,6276000000,1000000
180619,93080,6226000000,6225000000,1000000
181053,93082,6175000000,6174000000,1000000
181272,93083,44433000000,44432000000,1000000
182539,93088,44382000000,44381000000,1000000
182540,93088,6124000000,6123000000,1000000
182675,93089,6073000000,6072000000,1000000
182679,93089,44331000000,44330000000,1000000
182747,93090,44280000000,44279000000,1000000
182748,93090,6022000000,6021000000,1000000
182758,93090,5971000000,5970000000,1000000
183100,93093,44229000000,44228000000,1000000
183101,93093,5920000000,5919000000,1000000
183320,93094,5869000000,5868000000,1000000
183537,93095,5818000000,5817000000,1000000
183578,93098,5812000000,5811000000,1000000
183797,93099,5806000000,5805000000,1000000
184251,93102,5800000000,5799000000,1000000
184470,93103,5794000000,5793000000,1000000
184482,93104,44178000000,44177000000,1000000
184963,93110,44172000000,44171000000,1000000
184965,93110,5788000000,5787000000,1000000
185183,93111,44166000000,44165000000,1000000
185184,93111,5782000000,5781000000,1000000
185188,93111,5776000000,5775000000,1000000
185195,93112,5770000000,5769000000,1000000
185428,93114,44160000000,44159000000,1000000
185429,93114,5764000000,5763000000,1000000
185877,93118,5758000000,5757000000,1000000
186116,93121,5752000000,5751000000,1000000
186980,93123,44154000000,44153000000,1000000
186984,93123,5746000000,5745000000,1000000
186990,93123,5740000000,5739000000,1000000
186991,93123,5734000000,5733000000,1000000
186995,93123,5728000000,5727000000,1000000
187199,93124,44148000000,44147000000,1000000
187202,93124,5722000000,5721000000,1000000
187212,93125,5716000000,5715000000,1000000
187216,93126,5710000000,5709000000,1000000
187232,93127,5704000000,5703000000,1000000
187495,93133,44142000000,44141000000,1000000
187498,93133,5698000000,5697000000,1000000
187598,93134,5692000000,5691000000,1000000
187614,93136,5686000000,5685000000,1000000
187618,93138,5680000000,5679000000,1000000
187647,93140,5674000000,5673000000,1000000
187654,93141,5668000000,5667000000,1000000
188009,93145,5662000000,5661000000,1000000
188014,93147,5656000000,5655000000,1000000
188016,93148,5650000000,5649000000,1000000
188019,93150,44136000000,44135000000,1000000
188020,93150,5644000000,5643000000,1000000
188029,93155,44130000000,44129000000,1000000
188030,93155,5638000000,5637000000,1000000
188031,93155,5632000000,5631000000,1000000
188037,93156,5626000000,5625000000,1000000
188040,93157,5620000000,5619000000,1000000
188044,93158,5614000000,5613000000,1000000
188047,93159,44124000000,44123000000,1000000
188048,93159,5608000000,5607000000,1000000
188051,93161,5602000000,5601000000,1000000
188054,93162,5596000000,5595000000,1000000
188068,93167,44118000000,44117000000,1000000
188072,93167,5590000000,5589000000,1000000
188075,93167,100000000,99000000,1000000
188079,93168,5584000000,5583000000,1000000
188080,93168,94000000,93000000,1000000
188088,93170,88000000,87000000,1000000
188091,93172,82000000,81000000,1000000
188094,93173,76000000,75000000,1000000
188096,93174,5578000000,5577000000,1000000
188102,93176,70000000,69000000,1000000
188106,93177,64000000,63000000,1000000
188110,93178,58000000,57000000,1000000
188119,93182,5572000000,5571000000,1000000
188122,93182,52000000,51000000,1000000
188125,93183,46000000,45000000,1000000
188129,93185,40000000,39000000,1000000
188136,93187,34000000,33000000,1000000
188149,93193,28000000,27000000,1000000
188162,93194,22000000,21000000,1000000
188175,93198,16000000,15000000,1000000
188228,93216,6000000,5000000,1000000
188229,93216,10000000,9000000,1000000
188232,93218,5566000000,5565000000,1000000
188233,93218,6000000,5000000,1000000
188237,93219,44112000000,44111000000,1000000
188238,93219,5560000000,5559000000,1000000
188243,93220,5554000000,5553000000,1000000
188246,93221,5548000000,5547000000,1000000
188255,93225,5542000000,5541000000,1000000
188261,93226,5536000000,5535000000,1000000
188264,93227,5530000000,5529000000,1000000
188275,93233,5524000000,5523000000,1000000
188293,93247,44106000000,44105000000,1000000
188294,93247,5518000000,5517000000,1000000
188297,93249,5512000000,5511000000,1000000
188305,93256,5506000000,5505000000,1000000
188312,93261,44100000000,44099000000,1000000
188313,93261,5500000000,5499000000,1000000
188314,93261,5494000000,5493000000,1000000
188316,93262,5488000000,5487000000,1000000
188332,93269,5482000000,5481000000,1000000
188341,93271,44094000000,44093000000,1000000
188342,93271,5476000000,5475000000,1000000
188345,93271,5470000000,5469000000,1000000
188350,93273,5464000000,5463000000,1000000
188357,93276,5458000000,5457000000,1000000
188372,93283,5452000000,5451000000,1000000
188387,93290,44088000000,44087000000,1000000
188388,93290,5446000000,5445000000,1000000
188392,93291,5440000000,5439000000,1000000
188396,93293,5434000000,5433000000,1000000
188405,93298,5428000000,5427000000,1000000
188410,93301,5422000000,5421000000,1000000
188420,93308,5416000000,5415000000,1000000
188431,93315,5410000000,5409000000,1000000
188436,93317,5404000000,5403000000,1000000
188440,93318,5398000000,5397000000,1000000
188441,93318,44082000000,44081000000,1000000
188447,93321,5392000000,5391000000,1000000
188454,93324,5386000000,5385000000,1000000
188456,93325,5380000000,5379000000,1000000
188461,93327,44076000000,44075000000,1000000
188462,93327,5374000000,5373000000,1000000
188474,93337,10000000,9000000,1000000
188476,93338,9000000,8000000,1000000
188479,93340,5368000000,5367000000,1000000
188487,93343,5362000000,5361000000,1000000
188502,93349,5356000000,5355000000,1000000
188507,93351,5350000000,5349000000,1000000
188513,93354,44070000000,44069000000,1000000
188515,93354,5344000000,5343000000,1000000
188517,93354,5338000000,5337000000,1000000
188519,93355,44064000000,44063000000,1000000
188520,93355,5332000000,5331000000,1000000
188524,93357,5326000000,5325000000,1000000
188528,93358,5320000000,5319000000,1000000
188560,93364,5314000000,5313000000,1000000
188564,93366,5308000000,5307000000,1000000
188572,93368,5302000000,5301000000,1000000
188581,93373,5296000000,5295000000,1000000
188612,93388,5290000000,5289000000,1000000
188614,93389,5284000000,5283000000,1000000
188619,93391,5278000000,5277000000,1000000
188630,93393,5272000000,5271000000,1000000
188633,93395,5266000000,5265000000,1000000
188639,93398,5260000000,5259000000,1000000
188648,93401,5254000000,5253000000,1000000
188651,93402,44058000000,44057000000,1000000
188652,93402,5248000000,5247000000,1000000
188655,93404,5242000000,5241000000,1000000
188659,93406,5236000000,5235000000,1000000
188667,93408,5230000000,5229000000,1000000
188673,93409,5224000000,5223000000,1000000
188682,93416,5218000000,5217000000,1000000
188683,93416,7000000,6000000,1000000
188686,93418,5212000000,5211000000,1000000
188688,93419,5206000000,5205000000,1000000
188690,93420,5200000000,5199000000,1000000
188694,93422,5194000000,5193000000,1000000
188713,93435,44052000000,44051000000,1000000
188715,93435,5188000000,5187000000,1000000
188719,93436,5182000000,5181000000,1000000
188724,93437,44046000000,44045000000,1000000
188725,93437,5176000000,5175000000,1000000
188726,93437,5170000000,5169000000,1000000
188731,93440,5164000000,5163000000,1000000
188735,93441,5158000000,5157000000,1000000
188754,93453,5152000000,5151000000,1000000
188767,93459,5146000000,5145000000,1000000
188774,93462,5140000000,5139000000,1000000
188776,93462,44040000000,44039000000,1000000
188778,93463,5134000000,5133000000,1000000
188790,93469,5128000000,5127000000,1000000
188793,93470,44034000000,44033000000,1000000
188794,93470,5122000000,5121000000,1000000
188808,93474,5116000000,5115000000,1000000
188831,93484,44028000000,44027000000,1000000
188832,93484,5110000000,5109000000,1000000
188841,93488,5104000000,5103000000,1000000
188849,93492,5098000000,5097000000,1000000
188863,93495,5092000000,5091000000,1000000
188867,93498,5086000000,5085000000,1000000
188876,93501,44022000000,44021000000,1000000
188877,93501,5080000000,5079000000,1000000
188879,93502,44016000000,44015000000,1000000
188880,93502,5074000000,5073000000,1000000
188881,93502,3000000000,2999000000,1000000
188883,93502,2949000000,2948000000,1000000
188886,93504,43965000000,43964000000,1000000
188887,93504,5023000000,5022000000,1000000
188888,93504,2898000000,2897000000,1000000
188895,93507,2847000000,2846000000,1000000
188902,93511,43914000000,43913000000,1000000
188903,93511,4972000000,4971000000,1000000
188905,93511,2796000000,2795000000,1000000
188908,93512,2745000000,2744000000,1000000
188910,93513,4921000000,4920000000,1000000
188912,93513,43863000000,43862000000,1000000
188914,93513,2694000000,2693000000,1000000
188918,93514,43812000000,43811000000,1000000
188920,93514,4870000000,4869000000,1000000
188921,93514,2643000000,2642000000,1000000
188935,93521,2592000000,2591000000,1000000
197870,93868,3684000000,3683000000,1000000
198924,93995,436000000,400000000,36000000
199203,94094,107501000000,107500000000,1000000
199452,94189,5000000,4000000,1000000
200040,94417,5000000,4000000,1000000
200317,94558,5000000000,4999000000,1000000
200323,94561,3000000,2000000,1000000
200719,94749,5000000,4000000,1000000
201035,94856,5000000,4000000,1000000
201110,94885,80000000000,79999000000,1000000
201304,94954,5000000,4000000,1000000
201314,94958,20000000,19000000,1000000
201546,95067,221000000,220000000,1000000
201552,95069,20000000,19000000,1000000
201558,95072,300000000,299000000,1000000
201561,95073,1000000000,999000000,1000000
201724,95128,4000000,3000000,1000000
201825,95163,4000000,3000000,1000000
202077,95286,322000000,321000000,1000000
202409,95457,5000000000,4999000000,1000000
202611,95571,90263090727,90263000000,90727
202777,95655,5000000,4000000,1000000
202908,95738,10000000,9000000,1000000
203120,95847,5000000000,4999000000,1000000
203127,95850,275021000000,275020000000,1000000
203149,95865,1000000000,999000000,1000000
203183,95883,16178944146,16178000000,944146
203208,95897,11755574567,11755000000,574567
203337,95970,8999000000,8998000000,1000000
203594,96091,5000000,4000000,1000000
203743,96156,5000000,4000000,1000000
203962,96244,918000000,917000000,1000000
203971,96249,40552214637,40552000000,214637
204029,96274,250000000000,249999000000,1000000
204034,96275,2826000000,2825000000,1000000
204053,96284,5000000,4000000,1000000
204091,96300,50000000,49000000,1000000
204152,96323,110020000000,110019000000,1000000
204396,96434,63564519,62564519,1000000
204524,96481,20000000000,19999000000,1000000
204529,96485,5000000,4000000,1000000
204679,96561,16666000000,16665000000,1000000
204734,96597,55001000000,54999000000,2000000
204793,96619,12522498822,12522000000,498822
204802,96622,48146964047,48146000000,964047
205054,96743,100264283,100000000,264283
205147,96783,19000000109,19000000000,109
205193,96798,5000000,4000000,1000000
205198,96800,6998000000,6997000000,1000000
205252,96823,5000000,4000000,1000000
205412,96880,5000000,4000000,1000000
205415,96882,4003000000,4002000000,1000000
205420,96884,6665000000,6664000000,1000000
205481,96912,2002000000,2001000000,1000000
205636,96962,5000964047,5000000000,964047
205708,96984,4899000000,4898000000,1000000
205804,97018,10000264283,10000000000,264283
205820,97024,5000000,4000000,1000000
205913,97057,56181000000,56179000000,2000000
205917,97060,5000496468,5000000000,496468
205946,97070,5000000000,4999000000,1000000
205969,97074,3999000000,3998000000,1000000
206005,97085,3698000000,3697000000,1000000
206039,97092,1060000000,1059000000,1000000
206064,97102,5000000,4000000,1000000
206074,97105,3000000,2000000,1000000
206223,97161,50000000000,49998000000,2000000
206229,97165,10009000000,10008000000,1000000
206248,97171,21733000000,21731000000,2000000
206262,97178,5000000,4000000,1000000
206282,97183,5000496468,5000000000,496468
206300,97186,14000000,13000000,1000000
206348,97204,12898000000,12897000000,1000000
206359,97210,105000000,104000000,1000000
206495,97241,40810276,39000000,1810276
206496,97241,4586621,4000000,586621
206623,97263,10000964047,10000000000,964047
206629,97263,5000000,4000000,1000000
206662,97272,105000000,104000000,1000000
206804,97302,10000264283,10000000000,264283
206868,97317,1225007000000,1224978000000,29000000
206921,97327,5000000,4000000,1000000
207115,97373,664883365,664000000,883365
207480,97453,5000000,4000000,1000000
207561,97481,5000000,4000000,1000000
207613,97503,10395871,10000000,395871
207754,97535,21897246,20897246,1000000
207932,97563,5000496468,5000000000,496468
207953,97568,5000000,4000000,1000000
208063,97604,10000000,9000000,1000000
208086,97610,5000000,4000000,1000000
208314,97692,15743052,15000000,743052
208330,97697,5000000000,4999000000,1000000
208433,97715,251998538,250998538,1000000
208439,97715,5005000000,5004000000,1000000
208681,97792,5000000,4000000,1000000
208720,97808,5000000,4000000,1000000
208723,97809,150039977113,150039000000,977113
208813,97836,65000496468,65000000000,496468
209014,97911,30000000000,29999000000,1000000
209021,97914,200008000000,200003000000,5000000
209042,97920,204999000000,204998000000,1000000
209155,97950,100000883365,100000000000,883365
209254,97981,6797000000,6796000000,1000000
209260,97983,5000000,4000000,1000000
209319,98007,50000498822,50000000000,498822
209394,98034,5000000000,4999000000,1000000
209522,98086,4998000000,4997000000,1000000
209607,98111,118000000,100000000,18000000
209640,98120,50944472,50000000,944472
209768,98169,29999000000,29998000000,1000000
209868,98204,10255524,9255524,1000000
209934,98232,10000000,9000000,1000000
210093,98273,5499000000,5498000000,1000000
210096,98273,105765187,104765187,1000000
210097,98273,11653564,11000000,653564
210141,98284,6696000000,6695000000,1000000
210391,98367,3195000000,3194000000,1000000
210410,98376,2564519,1000000,1564519
210416,98377,3094000000,3093000000,1000000
210439,98388,3092000000,3091000000,1000000
210499,98413,4000000,3000000,1000000
210509,98416,1381000000,1380000000,1000000
210570,98440,5000000,4000000,1000000
210623,98451,10000000,9000000,1000000
210624,98451,18000000,17000000,1000000
210687,98468,5000000,4000000,1000000
210716,98474,5000000,4000000,1000000
210826,98513,450000000000,449999000000,1000000
210828,98513,2291000000,2290000000,1000000
210973,98536,5000000000,4999000000,1000000
210984,98537,100000883365,100000000000,883365
211510,98600,36935815952,36935000000,815952
211611,98626,3000000,2000000,1000000
211622,98628,6000000,5000000,1000000
211733,98665,5000000,4000000,1000000
211747,98673,11000000,10000000,1000000
211772,98683,361999000000,361998000000,1000000
211789,98690,90288000000,90287000000,1000000
211813,98699,10098000000,10097000000,1000000
211836,98710,5000000000,4999000000,1000000
211842,98712,5000000000,4999000000,1000000
212071,98785,5000000,4000000,1000000
212106,98795,1765000000,1764000000,1000000
212112,98795,1754000000,1753000000,1000000
212229,98815,1743000000,1742000000,1000000
212288,98832,4000000,3000000,1000000
212292,98833,181998000000,181997000000,1000000
212294,98833,1642000000,1641000000,1000000
212304,98836,1441000000,1440000000,1000000
212327,98845,1040000000,1039000000,1000000
212334,98848,1029000000,1028000000,1000000
212338,98849,928000000,927000000,1000000
212406,98865,897000000,896000000,1000000
212439,98880,886000000,885000000,1000000
212454,98884,385000000,384000000,1000000
212521,98896,5000000,4000000,1000000
212605,98915,17000000,16000000,1000000
212610,98916,352000000,351000000,1000000
212618,98917,134000000,133000000,1000000
212654,98933,10005743052,10005000000,743052
212691,98938,300000000,299000000,1000000
212730,98947,284000000,283000000,1000000
212879,98978,5000000,4000000,1000000
213082,99030,10000000,9000000,1000000
213140,99043,254000000,253000000,1000000
213184,99064,203000000,202000000,1000000
213199,99066,5001000000,5000000000,1000000
213271,99082,5000000,4000000,1000000
213408,99120,10000000,9000000,1000000
213573,99165,1210280476,1210000000,280476
213583,99167,2182700,2000000,182700
213608,99170,15267555,15000000,267555
213660,99182,11781821716,11781000000,821716
213699,99199,5000000,4000000,1000000
213702,99199,3000000,2000000,1000000
213786,99221,5000000,4000000,1000000
213796,99223,58084358,57000000,1084358
213843,99232,10000192523,10000000000,192523
213881,99246,1900000000,1899000000,1000000
213883,99246,5000000,4000000,1000000
214075,99306,15000743052,15000000000,743052
214269,99369,5000000000,4999000000,1000000
214271,99370,5000000000,4999000000,1000000
214272,99370,5000000000,4999000000,1000000
214297,99379,42800000000,42799000000,1000000
214566,99436,10000000000,9999000000,1000000
214587,99438,9370000000,9369000000,1000000
214661,99461,50000000,49000000,1000000
214763,99483,8369000000,8368000000,1000000
214843,99494,5097000000,5096000000,1000000
214854,99501,5000000000,4999000000,1000000
215004,99540,5000000000,4999000000,1000000
215098,99559,3000000,2000000,1000000
215100,99560,5001000000,5000000000,1000000
215101,99560,5000000,4000000,1000000
215111,99562,3000000,2000000,1000000
215168,99576,4564519,4000000,564519
215240,99603,11000000,10000000,1000000
215387,99667,5001000000,5000000000,1000000
215401,99671,5096000000,5095000000,1000000
215405,99671,11000000,10000000,1000000
215415,99675,5095000000,5094000000,1000000
215452,99686,43413270360,43413000000,270360
215533,99702,5094000000,5093000000,1000000
215666,99739,1000031394157,1000031000000,394157
215737,99758,200000000,199000000,1000000
215772,99765,100000000,99000000,1000000
215903,99811,2000000,1000000,1000000
215992,99837,5000000,4000000,1000000
216006,99842,171997000000,171996000000,1000000
216007,99842,20000000000,19999000000,1000000
216029,99845,202000000,201000000,1000000
216051,99855,10050000000,10049000000,1000000
216096,99864,350662182,350000000,662182
216254,99897,50000000,49000000,1000000
216375,99924,101000000,100000000,1000000
216397,99927,100677085,100000000,677085
216426,99938,15000000,14000000,1000000
216462,99957,25000000000,24999000000,1000000
216471,99959,100004000000,100001000000,3000000
216473,99959,10097000000,10096000000,1000000
216475,99959,14597000000,14596000000,1000000
216489,99963,100096000000,100095000000,1000000
216556,99989,13886000000,13881000000,5000000
216611,100009,5093000000,5092000000,1000000
216625,100016,5000000,1200000,3800000
